<TextureAtlas imagePath="ui.png">
	<SubTexture name="grey_arrowDownGrey.png" x="78" y="498" width="15" height="10"/>
	<SubTexture name="grey_arrowDownWhite.png" x="123" y="496" width="15" height="10"/>
	<SubTexture name="grey_arrowUpGrey.png" x="108" y="498" width="15" height="10"/>
	<SubTexture name="grey_arrowUpWhite.png" x="93" y="498" width="15" height="10"/>
	<SubTexture name="grey_box.png" x="147" y="433" width="38" height="36"/>
	<SubTexture name="grey_boxCheckmark.png" x="147" y="469" width="38" height="36"/>
	<SubTexture name="grey_boxCross.png" x="185" y="433" width="38" height="36"/>
	<SubTexture name="grey_boxTick.png" x="190" y="198" width="36" height="36"/>
	<SubTexture name="grey_button00.png" x="0" y="143" width="190" height="45"/>
	<SubTexture name="grey_button01.png" x="0" y="188" width="190" height="49"/>
	<SubTexture name="grey_button02.png" x="0" y="98" width="190" height="45"/>
	<SubTexture name="grey_button03.png" x="0" y="331" width="190" height="49"/>
	<SubTexture name="grey_button04.png" x="0" y="286" width="190" height="45"/>
	<SubTexture name="grey_button05.png" x="0" y="0" width="195" height="49"/>
	<SubTexture name="grey_button06.png" x="0" y="49" width="191" height="49"/>
	<SubTexture name="grey_button07.png" x="195" y="0" width="49" height="49"/>
	<SubTexture name="grey_button08.png" x="240" y="49" width="49" height="49"/>
	<SubTexture name="grey_button09.png" x="98" y="433" width="49" height="45"/>
	<SubTexture name="grey_button10.png" x="191" y="49" width="49" height="49"/>
	<SubTexture name="grey_button11.png" x="0" y="433" width="49" height="45"/>
	<SubTexture name="grey_button12.png" x="244" y="0" width="49" height="49"/>
	<SubTexture name="grey_button13.png" x="49" y="433" width="49" height="45"/>
	<SubTexture name="grey_button14.png" x="0" y="384" width="190" height="49"/>
	<SubTexture name="grey_button15.png" x="0" y="237" width="190" height="49"/>
	<SubTexture name="grey_checkmarkGrey.png" x="99" y="478" width="21" height="20"/>
	<SubTexture name="grey_checkmarkWhite.png" x="78" y="478" width="21" height="20"/>
	<SubTexture name="grey_circle.png" x="185" y="469" width="36" height="36"/>
	<SubTexture name="grey_crossGrey.png" x="120" y="478" width="18" height="18"/>
	<SubTexture name="grey_crossWhite.png" x="190" y="318" width="18" height="18"/>
	<SubTexture name="grey_panel.png" x="190" y="98" width="100" height="100"/>
	<SubTexture name="grey_sliderDown.png" x="190" y="234" width="28" height="42"/>
	<SubTexture name="grey_sliderEnd.png" x="138" y="478" width="8" height="10"/>
	<SubTexture name="grey_sliderHorizontal.png" x="0" y="380" width="190" height="4"/>
	<SubTexture name="grey_sliderLeft.png" x="0" y="478" width="39" height="31"/>
	<SubTexture name="grey_sliderRight.png" x="39" y="478" width="39" height="31"/>
	<SubTexture name="grey_sliderUp.png" x="190" y="276" width="28" height="42"/>
	<SubTexture name="grey_sliderVertical.png" x="208" y="318" width="4" height="100"/>
	<SubTexture name="grey_tickGrey.png" x="190" y="336" width="17" height="17"/>
	<SubTexture name="grey_tickWhite.png" x="190" y="353" width="17" height="17"/>
</TextureAtlas>
